{"cameraMode":{"drawMode":0,"name":"Shaded","section":"Shading Mode"},"sceneLighting":true,"audioPlay":false,"sceneViewState":{"m_AlwaysRefresh":false,"showFog":false,"showSkybox":true,"showFlares":false,"showImageEffects":false,"showParticleSystems":false,"showVisualEffectGraphs":true,"m_FxEnabled":true},"in2DMode":false,"pivot":{"x":1.3217763900756837,"y":1.6371324062347413,"z":-3.482619285583496},"rotation":{"x":-0.1333768218755722,"y":-0.02170558087527752,"z":0.0029212068766355516,"w":-0.9908125400543213},"size":1.486397624015808,"orthographic":false}